Task 1 (Assembly Line Monitoring Task),Task 2 (Drone Delivery Task)
Task 2 (Drone Delivery Task),Task 1 (Assembly Line Monitoring Task)
Task 1 (Assembly Line Monitoring Task),Task 2 (Drone Delivery Task)
Task 2 (Drone Delivery Task),Task 1 (Assembly Line Monitoring Task)
Task 1 (Assembly Line Monitoring Task),Task 2 (Drone Delivery Task)
Task 2 (Drone Delivery Task),Task 1 (Assembly Line Monitoring Task)
Task 1 (Assembly Line Monitoring Task),Task 2 (Drone Delivery Task)
Task 2 (Drone Delivery Task),Task 1 (Assembly Line Monitoring Task)
Task 1 (Assembly Line Monitoring Task),Task 2 (Drone Delivery Task)
Task 2 (Drone Delivery Task),Task 1 (Assembly Line Monitoring Task)
Task 1 (Assembly Line Monitoring Task),Task 2 (Drone Delivery Task)
Task 2 (Drone Delivery Task),Task 1 (Assembly Line Monitoring Task)
Task 1 (Assembly Line Monitoring Task),Task 2 (Drone Delivery Task)
Task 2 (Drone Delivery Task),Task 1 (Assembly Line Monitoring Task)
Task 1 (Assembly Line Monitoring Task),Task 2 (Drone Delivery Task)
Task 2 (Drone Delivery Task),Task 1 (Assembly Line Monitoring Task)
Task 1 (Assembly Line Monitoring Task),Task 2 (Drone Delivery Task)
Task 2 (Drone Delivery Task),Task 1 (Assembly Line Monitoring Task)