0 degrees,45 Degrees,90 Degrees
0 degrees,90 Degrees,45 Degrees
90 Degrees,0 degrees,45 Degrees
90 Degrees,45 Degrees,0 degrees
45 Degrees,90 Degrees,0 degrees
45 Degrees,0 degrees,90 Degrees
0 degrees,45 Degrees,90 Degrees
0 degrees,90 Degrees,45 Degrees
90 Degrees,0 degrees,45 Degrees
90 Degrees,45 Degrees,0 degrees
45 Degrees,90 Degrees,0 degrees
45 Degrees,0 degrees,90 Degrees
0 degrees,45 Degrees,90 Degrees
0 degrees,90 Degrees,45 Degrees
90 Degrees,0 degrees,45 Degrees
90 Degrees,45 Degrees,0 degrees
45 Degrees,90 Degrees,0 degrees
45 Degrees,0 degrees,90 Degrees

